<?xml version="1.0" encoding="UTF-8"?>
<!DOCTYPE suite SYSTEM "https://testng.org/testng-1.0.dtd">
<suite name="Suite">

  <test thread-count="5" name="Test1">
    <classes>
      <class name="com.tcsion.Customer.scripts.CustLogClass"/>
    </classes>
  </test> <!-- Test -->
  
  <test name="Test2">
  <classes>
         <class name="com.tcsion.Customer.scripts.CustLinksClass"/>
    </classes>
  </test>
  
  <test name="Test3">
  <classes>
  <class name="com.tcsion.Customer.scripts.CustomerProfileClass"/>
   </classes>
  </test>
  
  <test name="Test4">
  <classes>
     <class name="com.tcsion.Customer.scripts.CustViewVoucherClass"/>
    </classes>
  </test>
  
  <test name="Test5">
  <classes>
      <class name="com.tcsion.Customer.scripts.LogoutTest"/>
    </classes>
  </test>
  
 <test name="Test6">
  <classes>
      
      <class name="com.tcsion.Customer.scripts.CustomerAddFundClass"/>
      
    </classes>
  </test>
  
</suite> <!-- Suite -->
