<?xml version="1.0" encoding="UTF-8"?>
<!DOCTYPE suite SYSTEM "https://testng.org/testng-1.0.dtd">
<suite name="Suite">

<test thread-count="5" name="Test3">
    <classes>
      <class name="com.tcsion.Supplier.scripts.SupplierLogoutTest"/>       
    </classes>
  </test>

<test thread-count="5" name="Test2">
    <classes> 
       <class name="com.tcsion.Supplier.scripts.SupplierLinkClass"/>    
    </classes>
  </test>
  
  <test thread-count="5" name="Test1">
    <classes>
      
      <class name="com.tcsion.Supplier.scripts.SupplierCountTest"/>
      
    </classes>
  </test>
  
  
  
  
  <test thread-count="5" name="Test4">
    <classes>
      
           
      <class name="com.tcsion.Supplier.scripts.SupplierDashboardClass"/>
  
    </classes>
  </test>
  <test thread-count="5" name="Test5">
    <classes>
      
      
      <class name="com.tcsion.Supplier.scripts.SupplierLogClass"/>
    </classes>
  </test>
   <!-- Test -->
</suite> <!-- Suite -->
