<?xml version="1.0" encoding="UTF-8"?>
<!DOCTYPE suite SYSTEM "https://testng.org/testng-1.0.dtd">
<suite name="Suite">
  <test thread-count="5" name="Test">
    <classes>
      <class name="com.tcsion.Admin.scripts.AdminLogClass"/>
      <class name="com.tcsion.Admin.scripts.AdminLogOutClass"/>
      <class name="com.tcsion.Admin.scripts.AdminWebsiteClass"/>
      <class name="com.tcsion.Admin.scripts.AdminCancelDeleteClass"/>  
      <class name="com.tcsion.Admin.scripts.AdminCountTest"/>
      <class name="com.tcsion.Admin.scripts.AdminBookingClass"/>
              
      
    </classes>
  </test> <!-- Test -->
</suite> <!-- Suite -->
